ID,Table,Component_Head,Work,Range,Site,Physical,Sanctioned_Lakh,Upto_Last_Month,Current_Month,Total_Exp,Balance
1,Table 1 - Compensatory Afforestation (CA),CA Plantations,1st year (Site Preparation),Tamnar,Kachkoba Khasra 468/26,12.116,52.87,3354771,75600,3430371,1856629
2,Table 1 - Compensatory Afforestation (CA),CA Plantations,1st year (Site Preparation),Tamnar,Kachkoba Khasra 497,12.147,51.43,2515423,248809,2764232,2378768
3,Table 1 - Compensatory Afforestation (CA),CA Plantations,1st year (Site Preparation),Tamnar,"Jamdabri, Tehsil Tamnar 51/1",1.400,4.47,248652,156942,405594,41406
4,Table 1 - Compensatory Afforestation (CA),CA Plantations,1st year (Site Preparation),Gharghoda,"Gharghodi 385/1,2, 386/1,5",4.578,22.97,1580255,28350,1608605,688395
5,Table 1 - Compensatory Afforestation (CA),CA Plantations,1st year (Site Preparation),Gharghoda,Bhengari Khasra 128/2 (Charmar),3.035,13.56,841002,18900,859902,496098
6,Table 1 - Compensatory Afforestation (CA),CA Plantations,1st year (Site Preparation),Raigarh,Village - Natwarpur,95.460,261.86,8475845,2834777,11310622,14875378
7,Table 1 - Compensatory Afforestation (CA),CA Plantations,1st year (Site Preparation),Raigarh,Village - Chakradharpur,115.184,325.36,15645606,4514114,20159720,12376280
8,Table 1 - Compensatory Afforestation (CA),CA Plantations,1st year (Site Preparation),Raigarh,Village - Bangursiya,4.225,19.70,1379621,164061,1543682,426318
9,Table 1 - Compensatory Afforestation (CA),CA Plantations,1st year (Site Preparation),Raigarh,Village - Gudgahan,-,140.14,7066506,1243921,8310427,5703573
10,Table 1 - Compensatory Afforestation (CA),CA Plantations,1st year (Site Preparation),Raigarh,Village - Chhuhipali,-,85.24,3687579,1671461,5359040,3164960
11,Table 1 - Compensatory Afforestation (CA),Penal CA (PCA),1st year (Site Preparation),Kharsia,1163 PF Banjarbhatha,2.800,6.52,469665,86111,555776,96224
12,Table 1 - Compensatory Afforestation (CA),CA Creation & Maintenance (2nd-10th Yr),a) 2nd Year (Plantation),Tamnar,784 RF Kodkel +100 vriksh,0.437,1.87,41773,0,41773,145227
13,Table 1 - Compensatory Afforestation (CA),CA Creation & Maintenance (2nd-10th Yr),a) 2nd Year (Plantation),Tamnar,Kachkoba Kh.No. 468/1,14.998,29.47,290998,0,290998,2656002
14,Table 1 - Compensatory Afforestation (CA),CA Creation & Maintenance (2nd-10th Yr),a) 2nd Year (Plantation),Gharghoda,"Kh.No. 547/1,2,3,4, 551/1, 552, 553/1 Jarkat",6.282,12.56,1253729,2261,1255990,10
15,Table 1 - Compensatory Afforestation (CA),CA Creation & Maintenance (2nd-10th Yr),a) 2nd Year (Plantation),Kharsia,1185 PF Binjkot (Pahadmuda),14.022,27.55,1126467,451339,1577806,1177194
16,Table 1 - Compensatory Afforestation (CA),CA Creation & Maintenance (2nd-10th Yr),a) 2nd Year (Plantation),Raigarh,1021 OA Borodipa,7.685,15.10,380058,43408,423466,1086534
17,Table 1 - Compensatory Afforestation (CA),CA Creation & Maintenance (2nd-10th Yr),a) 2nd Year (Plantation),Raigarh,1029 OA Tekadwar,3.417,6.78,499376,17442,516818,161182
18,Table 1 - Compensatory Afforestation (CA),CA Creation & Maintenance (2nd-10th Yr),a) 2nd Year (Plantation),Raigarh,1023 OA Odekera,8.076,15.87,197990,0,197990,1389010
19,Table 1 - Compensatory Afforestation (CA),CA Creation & Maintenance (2nd-10th Yr),b) 3rd year Maintenance,Gharghoda,1368 OA (Widening PMGSY NTPC),3.464,1.74,170109,0,170109,3891
20,Table 1 - Compensatory Afforestation (CA),CA Creation & Maintenance (2nd-10th Yr),b) 3rd year Maintenance,Gharghoda,1368 OA (MGR Railway Line Tilaipali NTPC),17.590,8.85,884932,0,884932,68
21,Table 1 - Compensatory Afforestation (CA),CA Creation & Maintenance (2nd-10th Yr),c) 6th year Maintenance,Raigarh,941 PF,1.640,0.10,0,0,0,10000
22,Table 1 - Compensatory Afforestation (CA),CA Creation & Maintenance (2nd-10th Yr),c) 6th year Maintenance,Raigarh,941 PF,1.640,0.10,0,0,0,10000
23,Table 1 - Compensatory Afforestation (CA),CA Creation & Maintenance (2nd-10th Yr),c) 6th year Maintenance,Kharsia,1160 P,1.800,0.12,12000,0,12000,0
24,Table 1 - Compensatory Afforestation (CA),CA Creation & Maintenance (2nd-10th Yr),c) 6th year Maintenance,Kharsia,1187 P,30.000,1.92,116464,0,116464,75536
25,Table 1 - Compensatory Afforestation (CA),CA Creation & Maintenance (2nd-10th Yr),c) 6th year Maintenance,Kharsia,1187 P,20.000,1.28,116464,0,116464,11536
26,Table 1 - Compensatory Afforestation (CA),CA Creation & Maintenance (2nd-10th Yr),c) 6th year Maintenance,Kharsia,Orange Area Mingon,23.000,1.47,110292,0,110292,36708
27,Table 1 - Compensatory Afforestation (CA),CA Creation & Maintenance (2nd-10th Yr),c) 6th year Maintenance,Kharsia,1136 P,45.000,2.88,260032,0,260032,27968
28,Table 1 - Compensatory Afforestation (CA),CA Creation & Maintenance (2nd-10th Yr),c) 6th year Maintenance,Tamnar,797 OA,0.700,0.04,3875,0,3875,125
29,Table 1 - Compensatory Afforestation (CA),CA Creation & Maintenance (2nd-10th Yr),c) 6th year Maintenance,Tamnar,797 OA,1.720,0.11,10975,0,10975,25
30,Table 1 - Compensatory Afforestation (CA),CA Creation & Maintenance (2nd-10th Yr),c) 6th year Maintenance,Tamnar,797 OA,0.048,0.00,307,0,307,-307
31,Table 1 - Compensatory Afforestation (CA),CA Creation & Maintenance (2nd-10th Yr),c) 6th year Maintenance,Tamnar,731 PF,16.000,1.02,63936,0,63936,38064
32,Table 1 - Compensatory Afforestation (CA),CA Creation & Maintenance (2nd-10th Yr),c) 6th year Maintenance,Gharghoda,Gair Van Bhumi,1.517,0.10,0,9968,9968,32
33,Table 1 - Compensatory Afforestation (CA),CA Creation & Maintenance (2nd-10th Yr),c) 6th year Maintenance,Gharghoda,"133, 134",3.321,0.21,20999,0,20999,1
34,Table 1 - Compensatory Afforestation (CA),CA Creation & Maintenance (2nd-10th Yr),c) 6th year Maintenance,Gharghoda,1337 PF,51.000,3.26,325997,0,325997,3
35,Table 1 - Compensatory Afforestation (CA),CA Creation & Maintenance (2nd-10th Yr),f) 7th year Maintenance,Raigarh,1028 OA Kathani,5.426,0.80,0,0,0,80000
36,Table 1 - Compensatory Afforestation (CA),CA Creation & Maintenance (2nd-10th Yr),f) 7th year Maintenance,Raigarh,1019 PF Netnagar,20.704,3.04,86000,0,86000,218000
37,Table 1 - Compensatory Afforestation (CA),CA Creation & Maintenance (2nd-10th Yr),f) 7th year Maintenance,Raigarh,"312/4, 312/19 Manuapali",1.728,0.25,0,0,0,25000
38,Table 1 - Compensatory Afforestation (CA),CA Creation & Maintenance (2nd-10th Yr),f) 7th year Maintenance,Tamnar,852 OA,9.000,1.32,121344,0,121344,10656
39,Table 1 - Compensatory Afforestation (CA),CA Creation & Maintenance (2nd-10th Yr),f) 7th year Maintenance,Tamnar,861 PF,15.000,2.20,219941,0,219941,59
40,Table 1 - Compensatory Afforestation (CA),CA Creation & Maintenance (2nd-10th Yr),f) 7th year Maintenance,Tamnar,864 PF,50.000,7.34,722317,0,722317,11683
41,Table 1 - Compensatory Afforestation (CA),CA Creation & Maintenance (2nd-10th Yr),f) 7th year Maintenance,Tamnar,815 OA Non Forest Land Futahpuliya,0.196,0.03,2877,0,2877,123
42,Table 1 - Compensatory Afforestation (CA),CA Creation & Maintenance (2nd-10th Yr),f) 7th year Maintenance,Gharghoda,1239 OA,3.600,0.52,51999,0,51999,1
43,Table 1 - Compensatory Afforestation (CA),CA Creation & Maintenance (2nd-10th Yr),f) 7th year Maintenance,Gharghoda,"384/1, 384/2, 384/3",15.000,2.20,219999,0,219999,1
44,Table 1 - Compensatory Afforestation (CA),CA Creation & Maintenance (2nd-10th Yr),g) 8th year Maintenance,Kharsia,1164 P Bhalunara Bhag-1,50.000,2.81,221520,0,221520,59480
45,Table 1 - Compensatory Afforestation (CA),CA Creation & Maintenance (2nd-10th Yr),g) 8th year Maintenance,Kharsia,1164 P Bhalunara Bhag-2,60.000,3.37,221520,0,221520,115480
46,Table 1 - Compensatory Afforestation (CA),CA Creation & Maintenance (2nd-10th Yr),g) 8th year Maintenance,Gharghoda,Nawagarh 1220 PF,20.000,1.12,111560,0,111560,440
47,Table 1 - Compensatory Afforestation (CA),CA Creation & Maintenance (2nd-10th Yr),g) 8th year Maintenance,Gharghoda,Kurkut 1235 PF,20.000,1.12,111998,0,111998,2
48,Table 1 - Compensatory Afforestation (CA),CA Creation & Maintenance (2nd-10th Yr),g) 8th year Maintenance,Gharghoda,Kurkut 1235 PF,15.000,0.84,83827,0,83827,173
49,Table 1 - Compensatory Afforestation (CA),CA Creation & Maintenance (2nd-10th Yr),g) 8th year Maintenance,Gharghoda,Kamatra 1299 PF,20.000,1.12,111998,0,111998,2
50,Table 1 - Compensatory Afforestation (CA),CA Creation & Maintenance (2nd-10th Yr),g) 8th year Maintenance,Gharghoda,Utarpatra 1249 OA,10.000,0.56,55994,0,55994,6
51,Table 1 - Compensatory Afforestation (CA),CA Creation & Maintenance (2nd-10th Yr),g) 8th year Maintenance,Gharghoda,Kurkut 1235 PF,3.600,0.20,19891,0,19891,109
52,Table 1 - Compensatory Afforestation (CA),CA Creation & Maintenance (2nd-10th Yr),g) 8th year Maintenance,Gharghoda,Chhindpani 1238 OA,7.100,0.40,39875,0,39875,125
53,Table 1 - Compensatory Afforestation (CA),CA Creation & Maintenance (2nd-10th Yr),g) 8th year Maintenance,Tamnar,"Khasra No. 625, 626, 611/1,2",1.578,0.14,13999,0,13999,1
54,Table 1 - Compensatory Afforestation (CA),CA Creation & Maintenance (2nd-10th Yr),g) 8th year Maintenance,Raigarh,Bhelwatikra 933 PF,16.000,0.90,90200,0,90200,-200
55,Table 1 - Compensatory Afforestation (CA),CA Creation & Maintenance (2nd-10th Yr),g) 8th year Maintenance,Raigarh,Kosampali 1002 OA,17.949,1.01,36000,0,36000,65000
56,Table 1 - Compensatory Afforestation (CA),CA Creation & Maintenance (2nd-10th Yr),g) 8th year Maintenance,Raigarh,Lohakhan 1024 OA,29.230,1.64,66000,0,66000,98000
57,Table 1 - Compensatory Afforestation (CA),Gap Plantation,h) 7th year Maintenance,Gharghoda,1233 PF gap plantation,20.000,2.94,293999,0,293999,1
58,Table 1 - Compensatory Afforestation (CA),Gap Plantation,h) 7th year Maintenance,Gharghoda,1257 OA gap plantation,13.000,1.91,190528,0,190528,472
59,Table 3 - Integrated Wildlife Mgmt Plan (IWMP),IWMP 1st Yr - Baroud Expansion OCM,Mixed Plantation on Revenue Forest,Gharghoda,1312 RF,2.134,2.40,185214,52585,237799,2201
60,Table 3 - Integrated Wildlife Mgmt Plan (IWMP),IWMP 1st Yr - Baroud Expansion OCM,Big Tree plantation School/Aanganbadi,Gharghoda,School/Anganbadi Gharghoda Range,0.500,9.77,44000,49905,93905,883095
61,Table 3 - Integrated Wildlife Mgmt Plan (IWMP),IWMP 1st Yr - Baroud Expansion OCM,Road side plantation (4 km),Gharghoda,Baroud to Bulekera,4 km,45.99,119838,245132,364970,4234030
62,Table 3 - Integrated Wildlife Mgmt Plan (IWMP),IWMP 1st Yr - Baroud Expansion OCM,Rehabilitation existing ecosystem improvement,Gharghoda,1280 PF,0.000,4.92,0,0,0,492000
63,Table 3 - Integrated Wildlife Mgmt Plan (IWMP),IWMP 1st Yr - Baroud Expansion OCM,Development of grassland,Gharghoda,Fagurram dam,3.000,0.00,0,0,0,0
64,Table 3 - Integrated Wildlife Mgmt Plan (IWMP),IWMP 1st Yr - Baroud Expansion OCM,Development of grassland,Gharghoda,Porda Dam,2.000,7.83,0,0,0,783000
65,Table 3 - Integrated Wildlife Mgmt Plan (IWMP),IWMP 1st Yr - Baroud Expansion OCM,"Artificial nest, birdfeeder, water pots",Gharghoda,10 km buffer - 1312 RF & 1280 PF,0.000,4.50,449800,0,449800,200
66,Table 3 - Integrated Wildlife Mgmt Plan (IWMP),IWMP 1st Yr - Baroud Expansion OCM,River side plantation (10 ha),Gharghoda,1288 OA Kurkut River,10.000,19.88,445198,419342,864540,1123460
67,Table 3 - Integrated Wildlife Mgmt Plan (IWMP),IWMP 1st Yr - Baroud Expansion OCM,Plantation on Fagurram dam/Pond,Gharghoda,Fagurram dam surrounding,5.000,5.96,0,0,0,596000
68,Table 3 - Integrated Wildlife Mgmt Plan (IWMP),IWMP 1st Yr - Baroud Expansion OCM,Plantation on Porda Dam/Pond,Gharghoda,Porda Village Dam surrounding,8.000,9.54,0,0,0,954000
69,Table 3 - Integrated Wildlife Mgmt Plan (IWMP),IWMP 1st Yr - Baroud Expansion OCM,Riverbank restoration (3 km),Gharghoda,Kurkut River approx 3 km,3 km,10.00,371912,0,371912,628088
70,Table 3 - Integrated Wildlife Mgmt Plan (IWMP),IWMP 1st Yr - Baroud Expansion OCM,Soil Moisture and Conservation,Gharghoda,"Comptt 1312, Bulekera & buffer OCP Baroud",10.000,0.30,30000,0,30000,0
71,Table 3 - Integrated Wildlife Mgmt Plan (IWMP),IWMP 1st Yr - Baroud Expansion OCM,Social awareness programme,Gharghoda,Local Community Gharghoda Range,0.000,3.00,213710,0,213710,86290
72,Table 3 - Integrated Wildlife Mgmt Plan (IWMP),IWMP 1st Yr - Baroud Expansion OCM,Monitoring and Evaluation,Gharghoda,-,0.000,9.00,0,0,0,900000
73,Table 3 - Integrated Wildlife Mgmt Plan (IWMP),IWMP - Human Elephant Conflict Mgmt,Wages/Honorarium Hathi Tracking Team,Gharghoda,-,10 month,5.88,404040,106560,510600,77400
74,Table 3 - Integrated Wildlife Mgmt Plan (IWMP),IWMP - Human Elephant Conflict Mgmt,Hiring of Vehicles,Gharghoda,-,0.000,1.40,0,0,0,140000
75,Table 3 - Integrated Wildlife Mgmt Plan (IWMP),IWMP - Human Elephant Conflict Mgmt,"Uniform, Shoes, Blanket, Night vision Camera, Binoculars",Gharghoda,-,0.000,4.00,369041,0,369041,30959
76,Table 3 - Integrated Wildlife Mgmt Plan (IWMP),IWMP - Human Elephant Conflict Mgmt,"Protective Equipment, Flare gun",Gharghoda,-,0.000,4.00,381600,0,381600,18400
77,Table 3 - Integrated Wildlife Mgmt Plan (IWMP),IWMP - Human Elephant Conflict Mgmt,Early Warning System,Gharghoda,-,0.000,5.00,0,0,0,500000
78,Table 3 - Integrated Wildlife Mgmt Plan (IWMP),IWMP - Human Elephant Conflict Mgmt,Hathi Mitra Dal,Gharghoda,-,0.000,3.00,0,0,0,300000
79,Table 3 - Integrated Wildlife Mgmt Plan (IWMP),IWMP - Human Elephant Conflict Mgmt,Hiring of Veterinary Service,Gharghoda,-,0.000,0.50,0,50000,50000,0
80,Table 3 - Integrated Wildlife Mgmt Plan (IWMP),IWMP - Human Elephant Conflict Mgmt,Rewards,Gharghoda,-,0.000,0.20,0,19998,19998,2
81,Table 3 - Integrated Wildlife Mgmt Plan (IWMP),IWMP - Human Elephant Conflict Mgmt,Hiring of Legal Experts/Advocate,Gharghoda,-,0.000,0.20,0,0,0,20000
82,Table 3 - Integrated Wildlife Mgmt Plan (IWMP),IWMP - Human Elephant Conflict Mgmt,Purchase of Public Awareness Material,Gharghoda,-,0.000,1.00,0,0,0,100000
83,Table 3 - Integrated Wildlife Mgmt Plan (IWMP),IWMP - Human Elephant Conflict Mgmt,Awareness and education Programme,Gharghoda,-,0.000,1.50,147600,0,147600,2400
84,Table 3 - Integrated Wildlife Mgmt Plan (IWMP),IWMP - Human Elephant Conflict Mgmt,Establishment of Transit First Aid Center,Gharghoda,-,0.000,10.00,236756,0,236756,763244
85,Table 3 - Integrated Wildlife Mgmt Plan (IWMP),IWMP - Human Elephant Conflict Mgmt,Construction of Elephant Proof Wall,Gharghoda,-,0.000,1750.00,0,0,0,175000000
86,Table 3 - Integrated Wildlife Mgmt Plan (IWMP),IWMP - Human Elephant Conflict Mgmt,Purchase of Vehicle for HEC Protection,Gharghoda,Gharghoda Range (2 nos),2 nos,22.00,1781328,0,1781328,418672
87,Table 3 - Integrated Wildlife Mgmt Plan (IWMP),IWMP - Human Elephant Conflict Mgmt,"Human Rescue center, Pusalda Village",Gharghoda,Pusalda Village,0.000,20.00,435530,0,435530,1564470
88,Table 3 - Integrated Wildlife Mgmt Plan (IWMP),IWMP - Human Elephant Conflict Mgmt,Computer Set + Drone camera for Elephant tracking,Gharghoda,-,0.000,7.50,472500,0,472500,277500
89,Table 3 - Integrated Wildlife Mgmt Plan (IWMP),IWMP 1st Yr - Gare Pelma IV/6 (JSPL),1. Protection - One Security Guard,Tamnar,Tamnar Range,,1.20,103363,16635,119998,2
90,Table 3 - Integrated Wildlife Mgmt Plan (IWMP),IWMP 1st Yr - Gare Pelma IV/6 (JSPL),1. Protection - Wireless etc,Tamnar,Tamnar Range,,1.00,0,0,0,100000
91,Table 3 - Integrated Wildlife Mgmt Plan (IWMP),IWMP 1st Yr - Gare Pelma IV/6 (JSPL),1. Protection - Dedicated Phone Line,Tamnar,Tamnar Range,,0.25,5675,0,5675,19325
92,Table 3 - Integrated Wildlife Mgmt Plan (IWMP),IWMP 1st Yr - Gare Pelma IV/6 (JSPL),1. Protection - Forest Guard Quarter,Tamnar,Tamnar Range,,3.00,274896,0,274896,25104
93,Table 3 - Integrated Wildlife Mgmt Plan (IWMP),IWMP 1st Yr - Gare Pelma IV/6 (JSPL),1. Protection - Vehicle + POL,Tamnar,Tamnar Range,,7.00,239450,0,239450,460550
94,Table 3 - Integrated Wildlife Mgmt Plan (IWMP),IWMP 1st Yr - Gare Pelma IV/6 (JSPL),2. Fire Protection - Clearance,Tamnar,-,,0.50,49998,0,49998,2
95,Table 3 - Integrated Wildlife Mgmt Plan (IWMP),IWMP 1st Yr - Gare Pelma IV/6 (JSPL),2. Fire Protection - Wages of fire watchers,Tamnar,-,,0.40,40000,0,40000,0
96,Table 3 - Integrated Wildlife Mgmt Plan (IWMP),IWMP 1st Yr - Gare Pelma IV/6 (JSPL),2. Fire Protection - Fire fighting equipment,Tamnar,-,,0.50,35282,0,35282,14718
97,Table 3 - Integrated Wildlife Mgmt Plan (IWMP),IWMP 1st Yr - Gare Pelma IV/6 (JSPL),2. Fire Protection - Training and drill,Tamnar,-,,0.50,50000,0,50000,0
98,Table 3 - Integrated Wildlife Mgmt Plan (IWMP),IWMP 1st Yr - Gare Pelma IV/6 (JSPL),2. Fire Protection - 1 Watch Tower,Tamnar,758 PF,,4.00,111847,0,111847,288153
99,Table 3 - Integrated Wildlife Mgmt Plan (IWMP),IWMP 1st Yr - Gare Pelma IV/6 (JSPL),3. Water Conservation - Game Tank (4 nos),Tamnar,Tamnar Range,4 nos,24.01,2400700,0,2400700,300
100,Table 3 - Integrated Wildlife Mgmt Plan (IWMP),IWMP 1st Yr - Gare Pelma IV/6 (JSPL),3. Water Conservation - Small Ponds (8 nos),Tamnar,"832 RF, 829 RF, 821 PF, 833, 834 RF",8 nos,20.00,1976482,0,1976482,23518
101,Table 3 - Integrated Wildlife Mgmt Plan (IWMP),IWMP 1st Yr - Gare Pelma IV/6 (JSPL),3. Water Conservation - Erection of earthen dams,Tamnar,"784 RF, Kodkel",,1.00,96969,0,96969,3031
102,Table 3 - Integrated Wildlife Mgmt Plan (IWMP),IWMP 1st Yr - Gare Pelma IV/6 (JSPL),4. Nursery/Fodder - Establishment of Nursery,Tamnar,-,,5.00,254593,0,254593,245407
103,Table 3 - Integrated Wildlife Mgmt Plan (IWMP),IWMP 1st Yr - Gare Pelma IV/6 (JSPL),4. Nursery/Fodder - Maintenance,Tamnar,-,,2.00,200000,0,200000,0
104,Table 3 - Integrated Wildlife Mgmt Plan (IWMP),IWMP 1st Yr - Gare Pelma IV/6 (JSPL),4. Nursery/Fodder - RDF gap planting (100 ha),Tamnar,855 PF & 848 RF,100.000,40.00,2289593,1506607,3796200,203800
105,Table 3 - Integrated Wildlife Mgmt Plan (IWMP),IWMP 1st Yr - Gare Pelma IV/6 (JSPL),4. Nursery/Fodder - Creation & maintenance of meadows,Tamnar,"743 PF, Khamharia",39.100,5.00,472167,0,472167,27833
106,Table 3 - Integrated Wildlife Mgmt Plan (IWMP),IWMP 1st Yr - Gare Pelma IV/6 (JSPL),4. Nursery/Fodder - Elephant Management,Tamnar,-,,0.00,0,0,0,0
107,Table 3 - Integrated Wildlife Mgmt Plan (IWMP),IWMP 1st Yr - Gare Pelma IV/6 (JSPL),5. Salt lick,Tamnar,"784, 777 & 776 RF",,1.00,100000,0,100000,0
108,Table 3 - Integrated Wildlife Mgmt Plan (IWMP),IWMP 1st Yr - Gare Pelma IV/6 (JSPL),6. Man-Animal Conflict - Corpus fund,Tamnar,-,,20.00,850970,0,850970,1149030
109,Table 3 - Integrated Wildlife Mgmt Plan (IWMP),IWMP 1st Yr - Gare Pelma IV/6 (JSPL),6. Man-Animal Conflict - Cattle vaccination,Tamnar,Tamnar Range,,0.50,0,0,0,50000
110,Table 3 - Integrated Wildlife Mgmt Plan (IWMP),IWMP 1st Yr - Gare Pelma IV/6 (JSPL),6. Man-Animal Conflict - Crop Manipulation,Tamnar,-,,0.50,49979,0,49979,21
111,Table 3 - Integrated Wildlife Mgmt Plan (IWMP),IWMP 1st Yr - Gare Pelma IV/6 (JSPL),"7. Improving Economy - dairy, poultry, piggery",Tamnar,-,,10.00,0,0,0,1000000
112,Table 3 - Integrated Wildlife Mgmt Plan (IWMP),IWMP 1st Yr - Gare Pelma IV/6 (JSPL),7. Improving Economy - Incidental charges monitoring committee,Tamnar,-,,0.50,0,0,0,50000
113,Table 3 - Integrated Wildlife Mgmt Plan (IWMP),IWMP 1st Yr - Gare Pelma IV/6 (JSPL),7. Improving Economy - Skill development,Tamnar,-,-,2.50,235300,0,235300,14700
114,Table 3 - Integrated Wildlife Mgmt Plan (IWMP),IWMP 1st Yr - Gare Pelma IV/6 (JSPL),8. Awareness Generation - School Level,Tamnar,-,,0.50,49997,0,49997,3
115,Table 3 - Integrated Wildlife Mgmt Plan (IWMP),IWMP 1st Yr - Gare Pelma IV/6 (JSPL),8. Awareness Generation - Village Level,Tamnar,-,,1.00,99997,0,99997,3
116,Table 3 - Integrated Wildlife Mgmt Plan (IWMP),IWMP 1st Yr - Gare Pelma IV/6 (JSPL),9. Bio-diversity documentation (BMC),Tamnar,Tamnar Range,,19.50,1950000,0,1950000,0
117,Table 3 - Integrated Wildlife Mgmt Plan (IWMP),IWMP 1st Yr - Gare Pelma IV/1 (JPL),Improvement of water availability - digging ponds,Tamnar,789 PF Kodkel,39.100,18.01,1800528,0,1800528,472
118,Table 3 - Integrated Wildlife Mgmt Plan (IWMP),IWMP 1st Yr - Gare Pelma IV/1 (JPL),Maintenance of natural water holes,Tamnar,776 RF,0.000,3.05,305124,0,305124,-124
119,Table 3 - Integrated Wildlife Mgmt Plan (IWMP),IWMP 1st Yr - Gare Pelma IV/1 (JPL),"Soil water conservation works (LBCD, BCD, Gulley plug, Dams)",Tamnar,784 RF,0.000,2.00,200100,0,200100,-100
120,Table 3 - Integrated Wildlife Mgmt Plan (IWMP),IWMP 1st Yr - Gare Pelma IV/1 (JPL),Removal of invasive Alien species (200 ha),Tamnar,771 RF,50.000,4.00,322666,0,322666,77334
121,Table 3 - Integrated Wildlife Mgmt Plan (IWMP),IWMP 1st Yr - Gare Pelma IV/1 (JPL),Pasture development - removing alien species (100 ha),Tamnar,833 RF,25.000,5.02,501984,0,501984,16
122,Table 3 - Integrated Wildlife Mgmt Plan (IWMP),IWMP 1st Yr - Gare Pelma IV/1 (JPL),Pasture development - palatable grass seeds/slips (100 ha),Tamnar,833 RF Taraimal,25.000,8.48,767442,0,767442,80558
123,Table 3 - Integrated Wildlife Mgmt Plan (IWMP),IWMP 1st Yr - Gare Pelma IV/1 (JPL),Improvement of stock by dressing + gap plantation (300 ha),Tamnar,760 RF,60.000,9.12,908249,0,908249,3751
124,Table 3 - Integrated Wildlife Mgmt Plan (IWMP),IWMP 1st Yr - Gare Pelma IV/1 (JPL),Creation of Salt lick places near meadows,Tamnar,722 RF,0.000,0.40,40000,0,40000,0
125,Table 3 - Integrated Wildlife Mgmt Plan (IWMP),IWMP 1st Yr - Gare Pelma IV/1 (JPL),Development of Reptile habitat niche (10 niches),Tamnar,-,0.000,5.00,499661,0,499661,339
126,Table 3 - Integrated Wildlife Mgmt Plan (IWMP),IWMP 1st Yr - Gare Pelma IV/1 (JPL),Development of Denning niche (10 dens),Tamnar,Tamnar Range,0.000,5.00,499882,0,499882,118
127,Table 3 - Integrated Wildlife Mgmt Plan (IWMP),IWMP 1st Yr - Gare Pelma IV/1 (JPL),Rapid response team,Tamnar,-,0.000,2.56,208082,32646,240728,15272
128,Table 3 - Integrated Wildlife Mgmt Plan (IWMP),IWMP 1st Yr - Gare Pelma IV/1 (JPL),Mobile barrier,Tamnar,-,0.000,1.00,0,99600,99600,400
129,Table 3 - Integrated Wildlife Mgmt Plan (IWMP),IWMP 1st Yr - Gare Pelma IV/1 (JPL),Conservation of REET Flora,Tamnar,760 RF,0.000,3.15,208373,0,208373,106627
130,Table 3 - Integrated Wildlife Mgmt Plan (IWMP),IWMP 1st Yr - Gare Pelma IV/1 (JPL),"Fire protection - firelines, watchers, equipment",Tamnar,-,0.000,6.00,111888,473616,585504,14496
131,Table 3 - Integrated Wildlife Mgmt Plan (IWMP),IWMP 1st Yr - Gare Pelma IV/1 (JPL),"Hathi Mitra Dal, awareness, training",Tamnar,-,0.000,5.00,172668,46406,219074,280926
132,Table 3 - Integrated Wildlife Mgmt Plan (IWMP),IWMP 1st Yr - Gare Pelma IV/1 (JPL),"Biodiversity conservation, BMC empowerment",Tamnar,758 PF,0.000,2.00,200000,0,200000,0
133,Table 3 - Integrated Wildlife Mgmt Plan (IWMP),IWMP 1st Yr - Gare Pelma IV/1 (JPL),Arrangement of utility vehicle for HWC,Tamnar,-,0.000,5.00,0,0,0,500000
134,Table 3 - Integrated Wildlife Mgmt Plan (IWMP),IWMP 1st Yr - Gare Pelma IV/1 (JPL),Purchase of elephant early warning System,Tamnar,-,0.000,4.00,0,0,0,400000
135,Table 3 - Integrated Wildlife Mgmt Plan (IWMP),IWMP 1st Yr - Gare Pelma IV/1 (JPL),Purchase of protective equipment,Tamnar,-,0.000,5.00,0,0,0,500000
136,Table 3 - Integrated Wildlife Mgmt Plan (IWMP),IWMP - Committed Liabilities,d) Maintenance (4th Year) - Fruit Plantation,Tamnar,784 RF Fruit plantation,4.375,3.54,56926,0,56926,297074
137,Table 3 - Integrated Wildlife Mgmt Plan (IWMP),IWMP - Committed Liabilities,d) Maintenance (4th Year) - Fruit Plantation,Tamnar,832 RF Fruit plantation,0.469,0.39,6091,0,6091,32909
138,Table 3 - Integrated Wildlife Mgmt Plan (IWMP),IWMP - Committed Liabilities,e) Maintenance (5th Year) - Fruit Plantation,Tamnar,784 RF Kodkel Fruit plantation,2.500,2.02,78392,0,78392,123608
139,Table 4 - Other Component,Plantation below Transmission Line (1st Yr),a) Proposed Works (1st Year),Raigarh,1010 RF & Revenue Forest land,3.551,1.23,99917,2340,102257,20743
140,Table 4 - Other Component,Plantation below Transmission Line (1st Yr),a) Proposed Works (1st Year),Raigarh,Khadhar 865 PF,0.897,0.50,20404,351,20755,29245
141,Table 4 - Other Component,Plantation below Transmission Line (1st Yr),a) Proposed Works (1st Year),Kharsia,"1177, 1179, 1181, 1182 RF & Revenue land",4.083,3.18,251994,0,251994,66006
142,Table 4 - Other Component,Plantation below Transmission Line (1st Yr),a) Proposed Works (1st Year),Raigarh,881 PF & Revenue Forest land,0.255,0.38,1307,36553,37860,140
143,Table 4 - Other Component,Plantation below Transmission Line (1st Yr),a) Proposed Works (1st Year),Kharsia,Darama 1183 RF,0.146,0.23,19869,0,19869,3131
144,Table 4 - Other Component,Plantation below Transmission Line (1st Yr),a) Proposed Works (1st Year),Raigarh,881 PF & 880 OA,0.660,0.63,38577,14642,53219,9781
145,Table 4 - Other Component,Plantation below Tx Line - Creation (2nd Yr),b) Creation of Plantation below Tx Line (2nd Year),Tamnar,829 RF (Harradih),0.163,0.00,0,0,0,0
146,Table 4 - Other Component,Plantation below Tx Line - Creation (2nd Yr),b) Creation of Plantation below Tx Line (2nd Year),Tamnar,842 PF (Dandari),2.417,0.00,0,0,0,0
147,Table 4 - Other Component,Plantation below Tx Line - Creation (2nd Yr),b) Creation of Plantation below Tx Line (2nd Year),Gharghoda,1260 PF (Charratangar),0.565,0.00,0,0,0,0
148,Table 4 - Other Component,Plantation below Tx Line - Creation (2nd Yr),b) Creation of Plantation below Tx Line (2nd Year),Gharghoda,1260 PF (Charratangar),0.475,0.00,0,0,0,0
149,Table 4 - Other Component,Plantation below Tx Line - Maintenance,f) Maintenance of (6th Year),Tamnar,826 P,10.430,6.31,0,0,0,631000
150,Table 4 - Other Component,Plantation below Tx Line - Maintenance,f) Maintenance of (6th Year),Tamnar,"720-723, 860 OA, 734 OA, 746 P, 729 P, 767, 755, 757, 768 + Rajsaw Van Bhumi",6.195,3.75,0,0,0,375000
151,Table 4 - Other Component,Plantation below Tx Line - Maintenance,g) Maintenance of (7th Year),Gharghoda,1260 PF Gharghoda,0.482,2.33,0,0,0,233000
152,Table 4 - Other Component,Plantation below Tx Line - Maintenance,g) Maintenance of (7th Year),Gharghoda,"1240, 1265, 1237, 1249 OA + Rajsaw Van Bhumi",1.825,2.75,0,0,0,275000
153,Table 4 - Other Component,Plantation below Tx Line - Maintenance,g) Maintenance of (7th Year),Kharsia,1183 RF & Revenue Land Naharpali Kh No.53/1,9.520,5.76,0,0,0,576000
154,Table 4 - Other Component,Plantation below Tx Line - Maintenance,g) Maintenance of (7th Year),Raigarh,865 RF & 874 PF,5.073,3.07,95772,0,95772,211228
155,Table 4 - Other Component,Creation of Safety Zone,a) Proposed Works (1st Year),Kharsia,Sonbarsa (Adajhar) 1194 PF,18.450,86.09,4036799,702296,4739095,3869905
156,Table 4 - Other Component,Creation of Safety Zone,a) Proposed Works (1st Year),Tamnar,Khamharia,1.000,2.83,67772,127815,195587,87413
157,Table 4 - Other Component,Creation of Safety Zone,a) Proposed Works (1st Year),Raigarh,Dumarmuda 1017 RF,30.230,133.32,6023586,637536,6661122,6670878
158,Table 4 - Other Component,Soil & Water Conservation - Chakradharpur,Mini percolation Tank (25),Raigarh,Chakradharpur,25.000,37.53,2719770,0,2719770,1033230
159,Table 4 - Other Component,Soil & Water Conservation - Chakradharpur,Earthen Contour Bund (2074),Raigarh,Chakradharpur,2074.000,48.57,3217750,1232082,4449832,407168
160,Table 4 - Other Component,Soil & Water Conservation - Chakradharpur,Stone Masonry Check Dam (3),Raigarh,Chakradharpur,3.000,18.99,66990,0,66990,1832010
161,Table 4 - Other Component,Soil & Water Conservation - Chakradharpur,SCT (1842),Raigarh,Chakradharpur,1842.000,5.05,0,504708,504708,292
162,Table 4 - Other Component,Soil & Water Conservation - Chakradharpur,CCT (614),Raigarh,Chakradharpur,614.000,5.01,0,501024,501024,-24
163,Table 4 - Other Component,Soil & Water Conservation - Chakradharpur,Percolation Tank (5),Raigarh,Chakradharpur,5.000,54.37,5170195,0,5170195,266805
164,Table 4 - Other Component,Soil & Water Conservation - Chakradharpur,Contingency Charge 2%,Raigarh,Chakradharpur,-,3.39,0,0,0,339000
165,Table 4 - Other Component,Soil & Water Conservation - Natwarpur,Mini percolation Tank (19),Raigarh,Natwarpur,19.000,29.15,2137311,0,2137311,777689
166,Table 4 - Other Component,Soil & Water Conservation - Natwarpur,Earthen Gully Plug (19),Raigarh,Natwarpur,19.000,5.96,0,0,0,596000
167,Table 4 - Other Component,Soil & Water Conservation - Natwarpur,Earthen Contour Bund (1778),Raigarh,Natwarpur,1778.000,41.64,674616,2561146,3235762,928238
168,Table 4 - Other Component,Soil & Water Conservation - Natwarpur,Stone Masonry Check Dam (4),Raigarh,Natwarpur,4.000,26.65,102604,0,102604,2562396
169,Table 4 - Other Component,Soil & Water Conservation - Natwarpur,SCT (1616),Raigarh,Natwarpur,1616.000,4.43,0,442784,442784,216
170,Table 4 - Other Component,Soil & Water Conservation - Natwarpur,CCT (538),Raigarh,Natwarpur,538.000,4.39,0,439008,439008,-8
171,Table 4 - Other Component,Soil & Water Conservation - Natwarpur,Percolation Tank (4),Raigarh,Natwarpur,4.000,43.89,4386044,0,4386044,2956
172,Table 4 - Other Component,Soil & Water Conservation - Natwarpur,Contingency Charge 2%,Raigarh,Natwarpur,-,3.12,84134,0,84134,227866
173,Table 4 - Other Component,Soil & Water Conservation - Chhuhipali,Mini percolation Tank (6),Raigarh,Chhuhipali,6.000,10.62,1026835,0,1026835,35165
174,Table 4 - Other Component,Soil & Water Conservation - Chhuhipali,Earthen Contour Bund (617),Raigarh,Chhuhipali,617.000,14.45,1445014,0,1445014,-14
175,Table 4 - Other Component,Soil & Water Conservation - Chhuhipali,SCT (1784),Raigarh,Chhuhipali,1784.000,4.89,488816,0,488816,184
176,Table 4 - Other Component,Soil & Water Conservation - Chhuhipali,CCT (594),Raigarh,Chhuhipali,594.000,4.85,484704,0,484704,296
177,Table 4 - Other Component,Soil & Water Conservation - Chhuhipali,Percolation Tank (3),Raigarh,Chhuhipali,3.000,38.53,3822557,0,3822557,30443
178,Table 4 - Other Component,Soil & Water Conservation - Chhuhipali,Contingency Charge 2%,Raigarh,Chhuhipali,-,1.47,0,0,0,147000
179,Table 4 - Other Component,Soil & Water Conservation - Gudgahan,Mini percolation Tank (11),Raigarh,Gudgahan,11.000,17.23,1461581,0,1461581,261419
180,Table 4 - Other Component,Soil & Water Conservation - Gudgahan,Earthen Contour Bund (679),Raigarh,Gudgahan,679.000,15.90,947360,612332,1559692,30308
181,Table 4 - Other Component,Soil & Water Conservation - Gudgahan,SCT (1486),Raigarh,Gudgahan,1486.000,4.07,395640,0,395640,11360
182,Table 4 - Other Component,Soil & Water Conservation - Gudgahan,CCT (496),Raigarh,Gudgahan,496.000,4.05,392128,0,392128,12872
183,Table 4 - Other Component,Soil & Water Conservation - Gudgahan,Percolation Tank (4),Raigarh,Gudgahan,4.000,86.49,8603279,0,8603279,45721
184,Table 4 - Other Component,Soil & Water Conservation - Gudgahan,Contingency Charge 2%,Raigarh,Gudgahan,-,2.55,0,0,0,255000
185,Table 4 - Other Component,Soil & Water Conservation - Bangursiya,Earthen Contour Bund (151),Raigarh,Bangursiya,151.000,3.54,0,0,0,354000
186,Table 4 - Other Component,Soil & Water Conservation - Bangursiya,Percolation Tank (1),Raigarh,Bangursiya,1.000,6.58,655347,0,655347,2653
187,Table 4 - Other Component,Soil & Water Conservation - Bangursiya,Contingency Charge 2%,Raigarh,Bangursiya,-,0.20,0,0,0,20000
188,Table 4 - Other Component,Soil & Water Conservation - Siladeodha Nala,Loose Boulder Check Dam (311),Tamnar,"Siladeodha Nala 775, 776 RF Kodkel",311.000,15.17,1517362,0,1517362,-362
189,Table 4 - Other Component,Soil & Water Conservation - Siladeodha Nala,Contingency Charge 1%,Tamnar,"Siladeodha Nala 775, 776 RF Kodkel",-,0.15,0,0,0,15000
190,Table 4 - Other Component,Soil & Water Conservation - Amamuda Nala,Loose Boulder Check Dam (313),Tamnar,"Amamuda Nala 719, 720 RF Dhalenara",313.000,15.66,1548931,0,1548931,17069
191,Table 4 - Other Component,Soil & Water Conservation - Amamuda Nala,Gabion Structure (6),Tamnar,"Amamuda Nala 719, 720 RF Dhalenara",6.000,10.00,0,0,0,1000000
192,Table 4 - Other Component,Soil & Water Conservation - Amamuda Nala,Contingency Charge 1%,Tamnar,"Amamuda Nala 719, 720 RF Dhalenara",-,0.26,0,0,0,26000
193,Table 4 - Other Component,Avi-fauna,Improvement of water availability - ponds/water holes,Raigarh,"879 RF, Delari",L.S.,10.00,556419,132456,688875,311125
194,Table 4 - Other Component,Avi-fauna,Habitat development - pasture (removing alien species),Raigarh,"966 RF, Indira Vihar",10 ha,1.80,0,109443,109443,70557
195,Table 4 - Other Component,Avi-fauna,Habitat development - pasture (palatable grass),Raigarh,"966 RF, Indira Vihar",10 ha,3.18,0,0,0,318000
196,Table 4 - Other Component,Avi-fauna,Improvement of stock by dressing + fruit tree gap plantation,Raigarh,"977 PF, Sapnai",40 ha,40.42,1169435,1080631,2250066,1791934
197,Table 4 - Other Component,Avi-fauna,Bird nesting boxes (200 boxes),Raigarh,"Paryawaran Park, Beladula Orange Area",200 boxes,4.00,374000,0,374000,26000
198,Table 4 - Other Component,Avi-fauna,"People's awareness program, training, seminar",Raigarh,"966 RF, Eco Park Indira Vihar",L.S.,5.00,500000,0,500000,0
199,Table 4 - Other Component,Avi-fauna,Improvement of water availability - ponds/water holes,Raigarh,"1008 RF, Binjhkot",L.S.,3.00,291938,0,291938,8062
200,Table 4 - Other Component,Avi-fauna,Habitat development - pasture (removing alien species),Raigarh,"966 RF, Indira Vihar",15 ha,3.90,0,182499,182499,207501
201,Table 4 - Other Component,Avi-fauna,Improvement in degraded forest + shelter for birds,Raigarh,"1028 OA, Rengalpali",50 ha,3.50,21444,1170,22614,327386
202,Table 4 - Other Component,Avi-fauna,Provision of Hathi Mitra Dal,Raigarh,Junwani & Bangursia Beat,LS,3.00,0,298200,298200,1800
203,Table 4 - Other Component,Avi-fauna,POL for Elephant monitoring Vehicle,Raigarh,Division Level,LS,4.00,331841,27564,359405,40595
204,Table 4 - Other Component,Avi-fauna,Bird nesting boxes (200 boxes),Raigarh,"966 RF, Eco Park Indira Vihar",200 boxes,4.00,374000,0,374000,26000
205,Table 4 - Other Component,Avi-fauna,"People's awareness program, training, seminar",Raigarh,"966 RF, Eco Park Indira Vihar",L.S.,1.00,0,0,0,100000
206,Table 4 - Other Component,Avi-fauna,Consultant for Avifauna and wildlife monitoring,Raigarh,-,L.S.,0.00,0,0,0,0
207,Table 5 - NPV 80% Committed Liabilities,Rehab of degraded Bamboo Plantation & RDBF,4th year Maintenance,Gharghoda,1226 RF Gharghoda,100.000,1.82,181152,0,181152,848
208,Table 5 - NPV 80% Committed Liabilities,Rehab of degraded Bamboo Plantation & RDBF,4th year Maintenance,Raigarh,924 RF,25.000,0.69,69225,0,69225,-225
209,Table 5 - NPV 80% Committed Liabilities,Rehab of degraded Bamboo Plantation & RDBF,4th year Maintenance,Raigarh,898 RF,25.000,0.69,69225,0,69225,-225
210,Table 5 - NPV 80% Committed Liabilities,Rehab of degraded Bamboo Plantation & RDBF,4th year Maintenance,Raigarh,897 RF,25.000,0.69,69225,0,69225,-225
211,Table 5 - NPV 80% Committed Liabilities,Rehab of degraded Bamboo Plantation & RDBF,4th year Maintenance,Raigarh,904 RF,25.000,0.69,36920,0,36920,32080
212,Table 5 - NPV 80% Committed Liabilities,Rehab of degraded Bamboo Plantation & RDBF,4th year Maintenance,Raigarh,903 RF,25.000,0.69,69225,0,69225,-225
213,Table 5 - NPV 80% Committed Liabilities,Rehab of degraded Bamboo Plantation & RDBF,4th year Maintenance,Raigarh,915 RF,25.000,0.69,46150,0,46150,22850
214,Table 5 - NPV 80% Committed Liabilities,Rehab of degraded Bamboo Plantation & RDBF,4th year Maintenance,Raigarh,916 RF,25.000,0.69,46150,0,46150,22850
215,Table 5 - NPV 80% Committed Liabilities,Rehab of degraded Bamboo Plantation & RDBF,4th year Maintenance,Raigarh,917 RF,25.000,0.69,69300,0,69300,-300
216,Table 5 - NPV 80% Committed Liabilities,Rehab of degraded Bamboo Plantation & RDBF,4th year Maintenance,Raigarh,918 RF,25.000,0.69,69300,0,69300,-300
217,Table 5 - NPV 80% Committed Liabilities,Rehab of degraded Bamboo Plantation & RDBF,4th year Maintenance,Raigarh,890 RF,25.000,0.69,69300,0,69300,-300
218,Table 5 - NPV 80% Committed Liabilities,Rehab of degraded Bamboo Plantation & RDBF,4th year Maintenance,Raigarh,893 RF,25.000,0.69,69300,0,69300,-300
219,Table 5 - NPV 80% Committed Liabilities,Rehab of degraded Bamboo Plantation & RDBF,4th year Maintenance,Raigarh,894 RF,25.000,0.69,69300,0,69300,-300
220,Table 5 - NPV 80% Committed Liabilities,Rehab of degraded Bamboo Plantation & RDBF,4th year Maintenance,Raigarh,901 RF,25.000,0.69,69225,0,69225,-225
221,Table 5 - NPV 80% Committed Liabilities,Rehab of degraded Bamboo Plantation & RDBF,4th year Maintenance,Raigarh,907 RF,25.000,0.69,69225,0,69225,-225
222,Table 5 - NPV 80% Committed Liabilities,Hi-tech Barrier,Upgradation/Maintenance of Hi-Tech Barrier,Kharsia,Bhalunara,1.000,1.00,73180,0,73180,26820
223,Table 5 - NPV 80% Committed Liabilities,Hi-tech Barrier,Upgradation/Maintenance of Hi-Tech Barrier,Kharsia,Palgadhaghat,1.000,1.00,86375,0,86375,13625
224,Table 9 - Fire Management,Fire Management,Fire Watcher (15 Feb - 15 Jun),Raigarh,Raigarh Range,32.000,13.63,1363055,0,1363055,-55
225,Table 9 - Fire Management,Fire Management,Fire Watcher (15 Feb - 15 Jun),Gharghoda,Gharghoda Range,21.000,8.95,892850,0,892850,2150
226,Table 9 - Fire Management,Fire Management,Fire Watcher (15 Feb - 15 Jun),Tamnar,Tamnar Range,23.000,9.80,965955,0,965955,14045
227,Table 9 - Fire Management,Fire Management,Fire Watcher (15 Feb - 15 Jun),Kharsia,Kharsiya Range,18.000,7.67,759510,0,759510,7490
228,Table 10 - Capacity Building / Awareness,Creation of High tech Nursery,Strengthening of Existing Hi-Tech Nurseries,Raigarh,Hi-tech Nursery Bhelwatikra,1.000,40.00,3978307,0,3978307,21693
229,Table 12 - Casual Labours,Casual Labours,Casual engagement of local villagers,Raigarh,Raigarh Range,5.000,6.39,436218,153715,589933,49067
230,Table 12 - Casual Labours,Casual Labours,Casual engagement of local villagers,Gharghoda,Gharghoda Range,2.000,2.56,255744,0,255744,256
231,Table 12 - Casual Labours,Casual Labours,Casual engagement of local villagers,Tamnar,Tamnar Range,2.000,2.56,255744,0,255744,256
232,Table 12 - Casual Labours,Casual Labours,Casual engagement of local villagers,Kharsia,Kharsiya Range,1.000,1.28,122544,0,122544,5456
233,Table 13 - Protection,Protection - Strike Force & Vehicles,Patrolling (Aug 25 - Mar 26 = 8 months),Raigarh,CG-02-AU-2101,1.000,2.33,225319,0,225319,7681
234,Table 13 - Protection,Protection - Strike Force & Vehicles,Patrolling (Aug 25 - Mar 26 = 8 months),Gharghoda,CG-02-AU-2103,1.000,2.33,227152,0,227152,5848
235,Table 13 - Protection,Protection - Strike Force & Vehicles,Patrolling (Aug 25 - Mar 26 = 8 months),Tamnar,CG-02-AU-2104,1.000,2.33,231684,0,231684,1316
236,Table 13 - Protection,Protection - Strike Force & Vehicles,Patrolling (Aug 25 - Mar 26 = 8 months),Kharsia,CG-02-AU-2102,1.000,2.33,229831,0,229831,3169
237,Table 14 - Other Activities,Covering Open Wells,Covering Open Wells around forest areas,Gharghoda,Gharghoda Range (166 rm),166 rm,5.31,43577,139684,183261,347739
238,Table 14 - Other Activities,Covering Open Wells,Covering Open Wells around forest areas,Kharsia,Kharsia Range (250 rm),250 rm,7.33,123782,0,123782,609218
239,Table 14 - Other Activities,Covering Open Wells,Covering Open Wells around forest areas,Raigarh,Raigarh Range (166 rm),166 rm,5.79,217955,112374,330329,248671
