Table,Table Name,FC Project,Activity Group,Vidhan Sabha,Range,Activity / Works,Location (FC),Phys Proposed,Fin Proposed 2026-27,Total Expenditure,Balance Amount,Note
1,Table 1 - CA / PCA,Establishment of Cement Plant Jindal Panther Cement Pvt. Ltd (0.836 ha.),Compensatory Afforestation Plantations,,Kharsia,1st year (Site Preparation),1163 PF,0.1,0.47,0.000,0.470,
1,Table 1 - CA / PCA,Construction of Approach Road for Gharghoda siding in Favor of CSPGCL (0.965 ha),Compensatory Afforestation Plantations,,Kharsia,1st year (Site Preparation),1163 PF,1.653,7.72,0.000,7.720,
1,Table 1 - CA / PCA,Solar Light Project in Urdana Hill (0.640 ha),Compensatory Afforestation Plantations,,Kharsia,1st year (Site Preparation),1163 PF,0.5,2.33,0.000,2.330,
1,Table 1 - CA / PCA,"TRN Energy Private Limited, Village- Bhengari (Tenda Nawapara) Approach road Plant to Hostel (0.643 ha) PCA",Penal Compensatory Afforestation (PCA),,Kharsia,1st year (Site Preparation),1163 PF,2.572,12.01,0.000,12.010,
1,Table 1 - CA / PCA,SECL Jampali,Compensatory Afforestation Plantations,,Kharsia,1st year (Site Preparation),1161 PF,32.0,149.44,0.000,149.440,
1,Table 1 - CA / PCA,SECL Jampali,Compensatory Afforestation Plantations,,Gharghoda,1st year (Site Preparation),1235 PF,5.0,23.35,0.000,23.350,
1,Table 1 - CA / PCA,"Proposed 132/33 kv Sub-Station Medical Collage at Village Boirdih, Raigarh (2.023 ha)",Compensatory Afforestation Plantations,,Raigarh,1st year (Site Preparation),"Kh. No. 244/1, 244/2",4.216,19.69,0.000,19.690,
1,Table 1 - CA / PCA,Construction of MGR Railway line NTPC Tallaipali (8.795 ha) PCA,Penal Compensatory Afforestation (PCA),,Gharghoda,1st year (Site Preparation),OA Baigabahri (west),1.4,6.54,0.000,6.540,
1,Table 1 - CA / PCA,"Gare Pelma IV/1 Coal Mines, Ms. Jindal Power Limited","Maintenance of Committed liabilities Old CA Plantation, Other Mandatory Actitivities & Wildlife Management Plan ( 2nd Yr. To 10th Yr.)",,Tamnar,a) 2nd Year (Plantation),Kachkoba Khasra No. 468/26,12.116,16.42,2.511,13.909,
1,Table 1 - CA / PCA,"Gare Pelma IV/1 Coal Mines, Ms. Jindal Power Limited","Maintenance of Committed liabilities Old CA Plantation, Other Mandatory Actitivities & Wildlife Management Plan ( 2nd Yr. To 10th Yr.)",,Tamnar,a) 2nd Year (Plantation),Kachkoba Khasra No. 497,12.147,16.46,1.485,14.975,
1,Table 1 - CA / PCA,"Gare Pelma IV/1 Coal Mines, Ms. Jindal Power Limited","Maintenance of Committed liabilities Old CA Plantation, Other Mandatory Actitivities & Wildlife Management Plan ( 2nd Yr. To 10th Yr.)",,Tamnar,a) 2nd Year (Plantation),"Jamdabri, Tehsil Tamnar 51/1",1.4,1.92,0.167,1.753,
1,Table 1 - CA / PCA,"Gare Pelma IV/1 Coal Mines, Ms. Jindal Power Limited","Maintenance of Committed liabilities Old CA Plantation, Other Mandatory Actitivities & Wildlife Management Plan ( 2nd Yr. To 10th Yr.)",,Gharghoda,a) 2nd Year (Plantation),"Gharghodi 385/1,2, 386/1,5 (dqy 04 {ks=)",4.578,6.26,2.564,3.696,
1,Table 1 - CA / PCA,"132 KV DCDS Transmission Line of M/s Nav Durga Fuel (P) Ltd., at Village- Saraipali District-Raigarh Chhattisgarh","Maintenance of Committed liabilities Old CA Plantation, Other Mandatory Actitivities & Wildlife Management Plan ( 2nd Yr. To 10th Yr.)",,Gharghoda,a) 2nd Year (Plantation),Village - Bhengari Khasra No. 128/2 (Charmar),3.035,4.41,1.709,2.701,
1,Table 1 - CA / PCA,Gare Palma Sector II Coal Mine,"Maintenance of Committed liabilities Old CA Plantation, Other Mandatory Actitivities & Wildlife Management Plan ( 2nd Yr. To 10th Yr.)",,Raigarh,a) 2nd Year (Plantation),Village - Natwarpur,95.46,73.22,9.998,63.222,
1,Table 1 - CA / PCA,Gare Palma Sector II Coal Mine,"Maintenance of Committed liabilities Old CA Plantation, Other Mandatory Actitivities & Wildlife Management Plan ( 2nd Yr. To 10th Yr.)",,Raigarh,a) 2nd Year (Plantation),Village - Chakradharpur,115.184,98.97,14.365,84.605,
1,Table 1 - CA / PCA,Gare Palma Sector II Coal Mine,"Maintenance of Committed liabilities Old CA Plantation, Other Mandatory Actitivities & Wildlife Management Plan ( 2nd Yr. To 10th Yr.)",,Raigarh,a) 2nd Year (Plantation),Village - Bangursiya,4.225,5.48,0.865,4.615,
1,Table 1 - CA / PCA,Gare Palma Sector II Coal Mine,"Maintenance of Committed liabilities Old CA Plantation, Other Mandatory Actitivities & Wildlife Management Plan ( 2nd Yr. To 10th Yr.)",,Raigarh,a) 2nd Year (Plantation),Village - Gudgahan,0,0.00,7.697,-7.697,
1,Table 1 - CA / PCA,Gare Palma Sector II Coal Mine,"Maintenance of Committed liabilities Old CA Plantation, Other Mandatory Actitivities & Wildlife Management Plan ( 2nd Yr. To 10th Yr.)",,Raigarh,a) 2nd Year (Plantation),Village - Chhuhipali,0,0.00,2.032,-2.032,
1,Table 1 - CA / PCA,Raigarh Integrated steel plant approach road and pipeline (Penal Compensatory Afforestation),"Maintenance of Committed liabilities Old CA Plantation, Other Mandatory Actitivities & Wildlife Management Plan ( 2nd Yr. To 10th Yr.)",,Kharsia,a) 2nd Year (Plantation),1163 पी.एफ. बंजरभाठा,2.8,0.00,0.000,0.000,
1,Table 1 - CA / PCA,Hindalco Industries Limited + Laying of water Pipeline from Dewanmunda Nalla to Plant site,"Maintenance of Committed liabilities Old CA Plantation, Other Mandatory Actitivities & Wildlife Management Plan ( 2nd Yr. To 10th Yr.)",,Tamnar,b) 3rd year Maintenance,784 आर.एफ. कोड़केल +100 वृक्ष रोपण,0.437,0.00,0.000,0.000,
1,Table 1 - CA / PCA,Gare-Pelma IV/6 Coal Mines - M/s. Jindal Steel & Power Limited,"Maintenance of Committed liabilities Old CA Plantation, Other Mandatory Actitivities & Wildlife Management Plan ( 2nd Yr. To 10th Yr.)",,Tamnar,b) 3rd year Maintenance,कचकोबा ख.नं. - 468/1,14.998,11.90,0.253,11.647,
1,Table 1 - CA / PCA,Gare-Pelma IV/6 Coal Mines - M/s. Jindal Steel & Power Limited,"Maintenance of Committed liabilities Old CA Plantation, Other Mandatory Actitivities & Wildlife Management Plan ( 2nd Yr. To 10th Yr.)",,Gharghoda,b) 3rd year Maintenance,"ख. नं 547/1,2,3,4, 551/1, 552, 553/1 जरकट",6.282,3.61,1.668,1.942,
1,Table 1 - CA / PCA,For construction of 132 KV transmission line from Gerwani to Korichhapar.,"Maintenance of Committed liabilities Old CA Plantation, Other Mandatory Actitivities & Wildlife Management Plan ( 2nd Yr. To 10th Yr.)",,Kharsia,b) 3rd year Maintenance,1185 पी.एफ. बिंजकोट (पहाड़मुड़ा),14.022,11.36,0.892,10.468,
1,Table 1 - CA / PCA,132 K. Wh. DCSS Kodatarai to NTPC. For construction of transmission line to the plant,"Maintenance of Committed liabilities Old CA Plantation, Other Mandatory Actitivities & Wildlife Management Plan ( 2nd Yr. To 10th Yr.)",,Raigarh,b) 3rd year Maintenance,1021 ओ.ए. बोरोडीपा,7.685,5.92,0.185,5.735,
1,Table 1 - CA / PCA,132 K. Wh. DCSS Kodatarai to NTPC. For construction of transmission line to the plant,"Maintenance of Committed liabilities Old CA Plantation, Other Mandatory Actitivities & Wildlife Management Plan ( 2nd Yr. To 10th Yr.)",,Raigarh,b) 3rd year Maintenance,1029 ओ.ए. टेकाद्वार,3.417,2.64,0.185,2.455,
1,Table 1 - CA / PCA,132 K. Wh. DCSS Kodatarai to NTPC. For construction of transmission line to the plant,"Maintenance of Committed liabilities Old CA Plantation, Other Mandatory Actitivities & Wildlife Management Plan ( 2nd Yr. To 10th Yr.)",,Raigarh,b) 3rd year Maintenance,1023 ओ.ए. ओड़ेकेरा,8.076,7.64,0.493,7.147,
1,Table 1 - CA / PCA,Widening of existing PMGSY NTPC,"Maintenance of Committed liabilities Old CA Plantation, Other Mandatory Actitivities & Wildlife Management Plan ( 2nd Yr. To 10th Yr.)",,Gharghoda,c) 4th year Maintenance,1368 OA,3.464,0.87,0.831,0.039,
1,Table 1 - CA / PCA,MGR Railway Line Tilaipali NTPC,"Maintenance of Committed liabilities Old CA Plantation, Other Mandatory Actitivities & Wildlife Management Plan ( 2nd Yr. To 10th Yr.)",,Gharghoda,c) 4th year Maintenance,1368 OA,17.59,4.40,2.743,1.657,
1,Table 1 - CA / PCA,ओसीएल इंडियन लि.मि.रागंगपुर उड़िसा,"Maintenance of Committed liabilities Old CA Plantation, Other Mandatory Actitivities & Wildlife Management Plan ( 2nd Yr. To 10th Yr.)",,Raigarh,f) 7th year Maintenance,941 PF,1.64,0.24,0.094,0.146,
1,Table 1 - CA / PCA,ओसीएल इंडियन लि.मि.रागंगपुर उड़िसा,"Maintenance of Committed liabilities Old CA Plantation, Other Mandatory Actitivities & Wildlife Management Plan ( 2nd Yr. To 10th Yr.)",,Raigarh,f) 7th year Maintenance,941 PF,1.64,0.24,0.094,0.146,
1,Table 1 - CA / PCA,बोराई नदी पर बरगढ़ एनीकट,"Maintenance of Committed liabilities Old CA Plantation, Other Mandatory Actitivities & Wildlife Management Plan ( 2nd Yr. To 10th Yr.)",,Kharsia,f) 7th year Maintenance,1160 P,1.8,0.26,0.000,0.260,
1,Table 1 - CA / PCA,एन.टी.पी.सी. तिलाईपाली कोल माईनिंग,"Maintenance of Committed liabilities Old CA Plantation, Other Mandatory Actitivities & Wildlife Management Plan ( 2nd Yr. To 10th Yr.)",,Kharsia,f) 7th year Maintenance,1187 P,30.0,4.40,0.472,3.928,
1,Table 1 - CA / PCA,एन.टी.पी.सी. तिलाईपाली कोल माईनिंग,"Maintenance of Committed liabilities Old CA Plantation, Other Mandatory Actitivities & Wildlife Management Plan ( 2nd Yr. To 10th Yr.)",,Kharsia,f) 7th year Maintenance,1187 P,20.0,2.39,0.472,1.918,
1,Table 1 - CA / PCA,जामपाली ओपन माईन्स एस.ई.सी.एल. रायगढ़,"Maintenance of Committed liabilities Old CA Plantation, Other Mandatory Actitivities & Wildlife Management Plan ( 2nd Yr. To 10th Yr.)",,Kharsia,f) 7th year Maintenance,Orange Area Mingon,23.0,3.37,0.472,2.898,
1,Table 1 - CA / PCA,एन.टी.पी.सी. तिलाईपाली कोल माईनिंग,"Maintenance of Committed liabilities Old CA Plantation, Other Mandatory Actitivities & Wildlife Management Plan ( 2nd Yr. To 10th Yr.)",,Kharsia,f) 7th year Maintenance,1136 P,45.0,6.60,2.105,4.495,
1,Table 1 - CA / PCA,मेसर्स सिंघल इंटरप्राईजेस प्रा. लि.मि. तराईमाल,"Maintenance of Committed liabilities Old CA Plantation, Other Mandatory Actitivities & Wildlife Management Plan ( 2nd Yr. To 10th Yr.)",,Tamnar,f) 7th year Maintenance,797 OA,0.7,0.10,0.000,0.100,
1,Table 1 - CA / PCA,मेसर्स श्याम स्पाट प्रा. लि.मि.,"Maintenance of Committed liabilities Old CA Plantation, Other Mandatory Actitivities & Wildlife Management Plan ( 2nd Yr. To 10th Yr.)",,Tamnar,f) 7th year Maintenance,797 OA,1.72,0.25,0.000,0.250,
1,Table 1 - CA / PCA,छ.ग. ईस्ट रेल कॉरीडोर,"Maintenance of Committed liabilities Old CA Plantation, Other Mandatory Actitivities & Wildlife Management Plan ( 2nd Yr. To 10th Yr.)",,Tamnar,f) 7th year Maintenance,731 PF,16.0,2.35,0.000,2.350,
1,Table 1 - CA / PCA,जिंदल पावर लि.मि.तमनार ग्राउन्ड पाईप लाईन 1260 मे.वा.पावर प्लांट तमनार,"Maintenance of Committed liabilities Old CA Plantation, Other Mandatory Actitivities & Wildlife Management Plan ( 2nd Yr. To 10th Yr.)",,Gharghoda,f) 7th year Maintenance,गैर वन भूमि,1.517,0.22,0.109,0.111,
1,Table 1 - CA / PCA,मेसर्स महावीर एनर्जी 132 के.व्ही.ट्रांसमिशन लाईन,"Maintenance of Committed liabilities Old CA Plantation, Other Mandatory Actitivities & Wildlife Management Plan ( 2nd Yr. To 10th Yr.)",,Gharghoda,f) 7th year Maintenance,"133 , 134",3.321,0.49,0.326,0.164,
1,Table 1 - CA / PCA,पावर ग्रिड कार्पोरेशन इंडिया लि.मि.765 के.व्ही.ट्रांसमिशन लाईन पुलिंग स्टेशन से तमनार,"Maintenance of Committed liabilities Old CA Plantation, Other Mandatory Actitivities & Wildlife Management Plan ( 2nd Yr. To 10th Yr.)",,Gharghoda,f) 7th year Maintenance,1337 PF,51.0,7.49,1.088,6.402,
1,Table 1 - CA / PCA,मे. इंड एनर्जी 132 के.व्ही. ट्रांसमिशन लाईन,"Maintenance of Committed liabilities Old CA Plantation, Other Mandatory Actitivities & Wildlife Management Plan ( 2nd Yr. To 10th Yr.)",,Raigarh,g) 8th year Maintenance,1028 ओ.ए. कठानी,5.426,0.30,0.000,0.300,
1,Table 1 - CA / PCA,कोरबा वेस्ट 2 x 600 मेवा. कोल बेस्ड थर्मल पावर प्लांट,"Maintenance of Committed liabilities Old CA Plantation, Other Mandatory Actitivities & Wildlife Management Plan ( 2nd Yr. To 10th Yr.)",,Raigarh,g) 8th year Maintenance,1019 पी.एफ. नेतनागर,20.704,1.16,0.120,1.040,
1,Table 1 - CA / PCA,कोरबा वेस्ट 2 x 600 मेवा. कोल बेस्ड थर्मल पावर प्लांट,"Maintenance of Committed liabilities Old CA Plantation, Other Mandatory Actitivities & Wildlife Management Plan ( 2nd Yr. To 10th Yr.)",,Raigarh,g) 8th year Maintenance,312/4 312/19 Manuapali Raigarh,1.728,0.21,0.000,0.210,
1,Table 1 - CA / PCA,JINDAL STEEL & POWER LTD RAIGARH 1000 M.W. THURMAL POWER,"Maintenance of Committed liabilities Old CA Plantation, Other Mandatory Actitivities & Wildlife Management Plan ( 2nd Yr. To 10th Yr.)",,Tamnar,g) 8th year Maintenance,852 OA,9.0,0.51,0.107,0.403,
1,Table 1 - CA / PCA,JAISWAL NICO LTD GARE PELMA SUB BLOCK IV/8 COAL MINING,"Maintenance of Committed liabilities Old CA Plantation, Other Mandatory Actitivities & Wildlife Management Plan ( 2nd Yr. To 10th Yr.)",,Tamnar,g) 8th year Maintenance,861 PF,15.0,0.84,0.320,0.520,
1,Table 1 - CA / PCA,C.G. East Rail Coridor,"Maintenance of Committed liabilities Old CA Plantation, Other Mandatory Actitivities & Wildlife Management Plan ( 2nd Yr. To 10th Yr.)",,Tamnar,g) 8th year Maintenance,864 PF,50.0,2.81,0.000,2.810,
1,Table 1 - CA / PCA,C.G. East Rail Coridor,"Maintenance of Committed liabilities Old CA Plantation, Other Mandatory Actitivities & Wildlife Management Plan ( 2nd Yr. To 10th Yr.)",,Tamnar,g) 8th year Maintenance,815 OA Non Forest Land Futahpuliya,0.196,0.01,0.000,0.010,
1,Table 1 - CA / PCA,SECL Jampali Open Mines,"Maintenance of Committed liabilities Old CA Plantation, Other Mandatory Actitivities & Wildlife Management Plan ( 2nd Yr. To 10th Yr.)",,Gharghoda,g) 8th year Maintenance,1239 OA,3.6,0.20,0.000,0.200,
1,Table 1 - CA / PCA,SECL Jampali Open Mines,"Maintenance of Committed liabilities Old CA Plantation, Other Mandatory Actitivities & Wildlife Management Plan ( 2nd Yr. To 10th Yr.)",,Gharghoda,g) 8th year Maintenance,"384 /1, 384/2. 384/3",15.0,0.84,0.544,0.296,
1,Table 1 - CA / PCA,जामपाली ओपन माईन्स एस.ई.सी.एल. रायगढ़,"Maintenance of Committed liabilities Old CA Plantation, Other Mandatory Actitivities & Wildlife Management Plan ( 2nd Yr. To 10th Yr.)",,Kharsia,h) 9th year Maintenance,1164 पी भालूनारा भाग -1,50.0,6.06,0.944,5.116,
1,Table 1 - CA / PCA,जामपाली ओपन माईन्स एस.ई.सी.एल. रायगढ़,"Maintenance of Committed liabilities Old CA Plantation, Other Mandatory Actitivities & Wildlife Management Plan ( 2nd Yr. To 10th Yr.)",,Kharsia,h) 9th year Maintenance,1164 पी भालूनारा भाग -2,60.0,7.27,0.944,6.326,
1,Table 1 - CA / PCA,जामपाली ओपन माईन्स एस.ई.सी.एल. रायगढ़,"Maintenance of Committed liabilities Old CA Plantation, Other Mandatory Actitivities & Wildlife Management Plan ( 2nd Yr. To 10th Yr.)",,Gharghoda,h) 9th year Maintenance,नवागढ़ 1220 पी.एफ.,20.0,2.42,0.544,1.876,
1,Table 1 - CA / PCA,जामपाली ओपन माईन्स एस.ई.सी.एल. रायगढ़,"Maintenance of Committed liabilities Old CA Plantation, Other Mandatory Actitivities & Wildlife Management Plan ( 2nd Yr. To 10th Yr.)",,Gharghoda,h) 9th year Maintenance,कुरकुट 1235 पी.एफ.,20.0,2.42,0.544,1.876,
1,Table 1 - CA / PCA,जामपाली ओपन माईन्स एस.ई.सी.एल. रायगढ़,"Maintenance of Committed liabilities Old CA Plantation, Other Mandatory Actitivities & Wildlife Management Plan ( 2nd Yr. To 10th Yr.)",,Gharghoda,h) 9th year Maintenance,कुरकुट 1235 पी.एफ.,15.0,1.81,0.544,1.266,
1,Table 1 - CA / PCA,जामपाली ओपन माईन्स एस.ई.सी.एल. रायगढ़,"Maintenance of Committed liabilities Old CA Plantation, Other Mandatory Actitivities & Wildlife Management Plan ( 2nd Yr. To 10th Yr.)",,Gharghoda,h) 9th year Maintenance,कमतरा 1299 पी.एफ.,20.0,2.42,0.544,1.876,
1,Table 1 - CA / PCA,"lh-,l-ih-Vh-lh-,y- lc LVs'ku jk;x<","Maintenance of Committed liabilities Old CA Plantation, Other Mandatory Actitivities & Wildlife Management Plan ( 2nd Yr. To 10th Yr.)",,Gharghoda,h) 9th year Maintenance,उतारपतरा 1249 ओ.ए.,10.0,1.21,0.544,0.666,
1,Table 1 - CA / PCA,जिंदल पॉवर लिमिटेड पाईप लाईन,"Maintenance of Committed liabilities Old CA Plantation, Other Mandatory Actitivities & Wildlife Management Plan ( 2nd Yr. To 10th Yr.)",,Gharghoda,h) 9th year Maintenance,कुरकुट 1235 पी.एफ.,3.6,0.44,0.218,0.222,
1,Table 1 - CA / PCA,टी.आर.एन.एनर्जी लिमिटेड भेंगारी,"Maintenance of Committed liabilities Old CA Plantation, Other Mandatory Actitivities & Wildlife Management Plan ( 2nd Yr. To 10th Yr.)",,Gharghoda,h) 9th year Maintenance,छिंदपानी 1238 ओ.ए.,7.1,0.86,0.544,0.316,
1,Table 1 - CA / PCA,मेसर्स जिन्दल स्टील एण्ड पावर लिमिटेड भूमिगत पाईप लाईन बिछाने हेतु,"Maintenance of Committed liabilities Old CA Plantation, Other Mandatory Actitivities & Wildlife Management Plan ( 2nd Yr. To 10th Yr.)",,Tamnar,h) 9th year Maintenance,"खसरा नं. 625, 626, 611/1,2",1.578,0.19,0.000,0.190,
1,Table 1 - CA / PCA,765 के.व्ही. झारसुगड़ा से-धरमजयगढ़ नया ट्रांसमिशन लाईननिर्माण (153.448 हे.),"Maintenance of Committed liabilities Old CA Plantation, Other Mandatory Actitivities & Wildlife Management Plan ( 2nd Yr. To 10th Yr.)",,Raigarh,h) 9th year Maintenance,भेलवाटिकरा 933 पी.एफ.,16.0,1.94,0.000,1.940,
1,Table 1 - CA / PCA,कोतरलिया से एम..जी.आर. रेल्वे लाईन,"Maintenance of Committed liabilities Old CA Plantation, Other Mandatory Actitivities & Wildlife Management Plan ( 2nd Yr. To 10th Yr.)",,Raigarh,h) 9th year Maintenance,कोसमपाली 1002 ओ.ए.,17.949,2.18,0.080,2.100,
1,Table 1 - CA / PCA,कोतरलिया से एम..जी.आर. रेल्वे लाईन,"Maintenance of Committed liabilities Old CA Plantation, Other Mandatory Actitivities & Wildlife Management Plan ( 2nd Yr. To 10th Yr.)",,Raigarh,h) 9th year Maintenance,लोहाखान 1024 ओ.ए.,29.23,3.54,0.120,3.420,
4,Table 4 - Other Component,132KV DCSS Kodatarai to NTPC. For Constraction of transmission line to the plant,Plantation below Transmission Line,,Raigarh,b) Proposed Works (2nd Year),1010 RF and Revenue Forest land,3.551,4.62,1.190,3.430,
4,Table 4 - Other Component,Constraction of 765 kv double circuit Jharsuguda (Sundargarh- Raipur) Pool transmission line,Plantation below Transmission Line,,Raigarh,b) Proposed Works (2nd Year),खड़धार 865 PF,0.897,0.88,0.078,0.802,
4,Table 4 - Other Component,Constraction of 765 kv double circuit Jharsuguda (Sundargarh- Raipur) Pool transmission line,Plantation below Transmission Line,,Kharsia,b) Proposed Works (2nd Year),"1177, 1179, 1181, 1182 RF and Revenue forest Land",4.083,4.78,0.039,4.741,
4,Table 4 - Other Component,132KV D/C Gerwani to Korichhapar (TSS) Line by Chhattisgarh State Power Transmission Company Limited in District Raigar,Plantation below Transmission Line,,Raigarh,b) Proposed Works (2nd Year),881 PF and Revenue Forest land,0.255,0.17,0.139,0.031,
4,Table 4 - Other Component,132KV D/C Gerwani to Korichhapar (TSS) Line by Chhattisgarh State Power Transmission Company Limited in District Raigar,Plantation below Transmission Line,,Kharsia,b) Proposed Works (2nd Year),डारआमा 1183 RF,0.146,0.28,0.006,0.274,
4,Table 4 - Other Component,"132 KV DCDS Transmission Line of M/s Nav Durga Fuel (P) Ltd., at Village- Saraipali District-Raigarh Chhattisgarh",Plantation below Transmission Line,,Raigarh,b) Proposed Works (2nd Year),881 PF and 880 OA,0.66,0.56,0.199,0.361,
4,Table 4 - Other Component,"132 KV D/C Gerwani to Korichhapar (TSS) Line by Chhattisgarh State Power Transmission ltd., Raigarh",Plantation below Transmission Line,,Tamnar,c) Maintenance of (3rd Year),829 RF (Harradih),0.163,0.15,0.000,0.150,
4,Table 4 - Other Component,"Odisha Generation Phase II Transmission ltd. 765 KV D/C Jharsuguda (Sundargarh), Raipur",Plantation below Transmission Line,,Tamnar,c) Maintenance of (3rd Year),842 PF (Dandari),2.417,2.17,0.107,2.063,
4,Table 4 - Other Component,Construction of 765 KV Double circuit Jharsuguda (Sundargarh) – Raipur Pool Transmission Line,Plantation below Transmission Line,,Gharghoda,c) Maintenance of (3rd Year),1260 PF (Charratangar),0.565,0.51,0.000,0.510,
4,Table 4 - Other Component,"132 KV D/C Gerwani to Korichhapar (TSS) line by CSPTCL, Raigarh",Plantation below Transmission Line,,Gharghoda,c) Maintenance of (3rd Year),1260 PF (Charratangar),0.475,0.43,0.000,0.430,
4,Table 4 - Other Component,कोतरा तमनार ट्रांसमिशन लाईन 25.505 हे.,Plantation below Transmission Line,,Tamnar,g) Maintenance of (7th Year),826 P,10.43,5.74,0.000,5.740,
4,Table 4 - Other Component,झारसुगड़ा से धरमजयगढ़ कोरबा ट्रांसमिशन लाईन 153.448 हे,Plantation below Transmission Line,,Tamnar,g) Maintenance of (7th Year),"720 To 723, 860 OA, 734 OA,746 P, 729 P, 767, 755, 757, 768 And Rajsaw Van Bhumi , Tamnar",6.195,3.41,0.000,3.410,
4,Table 4 - Other Component,कोतरा तमनार ट्रांसमिशन लाईन 25.505 हे.,Plantation below Transmission Line,,Gharghoda,h) Maintenance of (8th Year),1260 PF Gharghoda,0.482,0.27,0.000,0.270,
4,Table 4 - Other Component,झारसुगड़ा से धरमजयगढ़ कोरबा ट्रांसमिशन लाईन 153.448 हे,Plantation below Transmission Line,,Gharghoda,h) Maintenance of (8th Year),"1240, 1265, 1237, 1249 OA And Rajsaw Van Bhumi , Ghargoda",1.825,1.00,0.000,1.000,
4,Table 4 - Other Component,कोतरा तमनार ट्रांसमिशन लाईन 25.505 हे.,Plantation below Transmission Line,,Kharsia,h) Maintenance of (8th Year),1183 RF & Revenue Land Naharpali Kh No.53/1,9.52,5.23,0.000,5.230,
4,Table 4 - Other Component,कोतरा तमनार ट्रांसमिशन लाईन 25.505 हे.,Plantation below Transmission Line,,Raigarh,h) Maintenance of (8th Year),865 RF & 874 PF,5.073,1.79,0.373,1.417,
4,Table 4 - Other Component,132KV D/C Gerwani to Korichhapar (TSS) Line by Chhattisgarh State Power Transmission Company Limited in District Raigarh of Chhattigarh State,Avi-fauna Plan,,Raigarh,b) 2nd year Plantation,"977 PF, Sapnai",40.0,13.35,0.000,13.350,
4,Table 4 - Other Component,एस.ई.सी.एल. जामपाली,GAP PLANTATION,,Gharghoda,h) 8th year Maintenance,कक्ष क्रमांक 1233 पी.एफ. गेप प्लांटेशन कार्य,20.0,1.12,0.544,0.576,
4,Table 4 - Other Component,एस.ई.सी.एल. जामपाली,GAP PLANTATION,,Gharghoda,h) 8th year Maintenance,कक्ष क्रमांक 1257 ओ.ए. गेप प्लांटेशन कार्य,13.0,0.73,0.544,0.186,
12,Table 12 - Casual Labours,Casual Labours,Casual Labours,,Raigarh,Casual engagement of local villagers to assist regular staff of State Forest Department for protection of forest and wildlife (42 Divisions/ 10 labor each Division),Raigarh Range,5.0,6.54,0.535,6.005,
12,Table 12 - Casual Labours,Casual Labours,Casual Labours,,Gharghoda,Casual engagement of local villagers to assist regular staff of State Forest Department for protection of forest and wildlife (42 Divisions/ 10 labor each Division),Gharghoda Range,2.0,2.61,1.088,1.522,
12,Table 12 - Casual Labours,Casual Labours,Casual Labours,,Tamnar,Casual engagement of local villagers to assist regular staff of State Forest Department for protection of forest and wildlife (42 Divisions/ 10 labor each Division),Tamnar Range,2.0,2.61,0.218,2.392,
12,Table 12 - Casual Labours,Casual Labours,Casual Labours,,Kharsia,Casual engagement of local villagers to assist regular staff of State Forest Department for protection of forest and wildlife (42 Divisions/ 10 labor each Division),Kharsiya Range,1.0,1.31,0.489,0.821,
13,Table 13 - Protection,Protection,Protection,,Raigarh,"Patrolling in forest area by Territorial & Wildlife staff to prevent illicit felling, poaching, encroachment, illegal mining, illegal transportation of forest produce",CG-02-AU-2101,1.0,3.50,0.379,3.121,
13,Table 13 - Protection,Protection,Protection,,Gharghoda,"Patrolling in forest area by Territorial & Wildlife staff to prevent illicit felling, poaching, encroachment, illegal mining, illegal transportation of forest produce",CG-02-AU-2103,1.0,3.50,0.552,2.948,
13,Table 13 - Protection,Protection,Protection,,Tamnar,"Patrolling in forest area by Territorial & Wildlife staff to prevent illicit felling, poaching, encroachment, illegal mining, illegal transportation of forest produce",CG-02-AU-2104,1.0,3.50,0.544,2.956,
13,Table 13 - Protection,Protection,Protection,,Kharsia,"Patrolling in forest area by Territorial & Wildlife staff to prevent illicit felling, poaching, encroachment, illegal mining, illegal transportation of forest produce",CG-02-AU-2102,1.0,3.50,0.975,2.525,
14,Table 14 - Other Activities (NPV),Other Activities (Protection/Wildlife Management),Other Activities (Protection/Wildlife Management),,Raigarh,Covering Open Wells around forest areas for safety of wildlife,Raigarh Range,50.0,25.66,0.000,25.660,
14,Table 14 - Other Activities (NPV),Other Activities (Protection/Wildlife Management),Other Activities (Protection/Wildlife Management),,Kharsia,Covering Open Wells around forest areas for safety of wildlife,Kharsia Range,26.0,9.62,0.000,9.620,
14,Table 14 - Other Activities (NPV),Other Activities (Protection/Wildlife Management),Other Activities (Protection/Wildlife Management),,Tamnar,Covering Open Wells around forest areas for safety of wildlife,Tamnar Range,7.0,3.58,0.000,3.580,
14,Table 14 - Other Activities (NPV),Other Activities (Protection/Wildlife Management),Other Activities (Protection/Wildlife Management),,Gharghoda,Covering Open Wells around forest areas for safety of wildlife,Gharghoda Range,37.0,15.84,0.000,15.840,
15,Table 15 - Other Activities / Overhead,Other Activities/ Overhead Expenditure,Other Activities/ Overhead Expenditure,,,Plant Production for Govt. Lands (Distribution in Subsidised Rates),-,0,11.69,0.000,11.690,
